timestamp,patient_id,clinic,waiting_time,status
12:09:23,100,KBB,71,Hata
12:10:23,101,Noroloji,63,Iptal
12:11:23,102,Dahiliye,28,Iptal
12:12:23,103,Dahiliye,18,Hata
12:13:23,104,KBB,66,Hata
12:14:23,105,KBB,58,Iptal
12:15:23,106,Goz,74,Iptal
12:16:23,107,Goz,24,Iptal
12:17:23,108,Noroloji,59,Iptal
12:18:23,109,Kardiyoloji,80,Tamamlandi
12:19:23,110,Noroloji,90,Hata
12:20:23,111,KBB,64,Iptal
12:21:23,112,Dahiliye,33,Hata
12:22:23,113,Dahiliye,34,Iptal
12:23:23,114,Kardiyoloji,60,Hata
12:24:23,115,KBB,21,Hata
12:25:23,116,Noroloji,14,Hata
12:26:23,117,KBB,74,Hata
12:27:23,118,Kardiyoloji,40,Tamamlandi
12:28:23,119,KBB,89,Iptal
12:29:23,120,KBB,85,Iptal
12:30:23,121,Goz,14,Iptal
12:31:23,122,KBB,63,Hata
12:32:23,123,Goz,16,Iptal
12:33:23,124,Noroloji,70,Tamamlandi
12:34:23,125,KBB,73,Hata
12:35:23,126,Noroloji,82,Tamamlandi
12:36:23,127,Goz,80,Tamamlandi
12:37:23,128,Goz,41,Hata
12:38:23,129,Dahiliye,53,Tamamlandi
12:39:23,130,KBB,19,Iptal
12:40:23,131,Kardiyoloji,44,Iptal
12:41:23,132,KBB,47,Iptal
12:42:23,133,Dahiliye,46,Tamamlandi
12:43:23,134,KBB,40,Iptal
12:44:23,135,Kardiyoloji,54,Hata
12:45:23,136,Goz,55,Iptal
12:46:23,137,Goz,54,Hata
12:47:23,138,Dahiliye,38,Hata
12:48:23,139,Dahiliye,42,Iptal
12:49:23,140,Noroloji,76,Hata
12:50:23,141,Dahiliye,68,Tamamlandi
12:51:23,142,KBB,40,Hata
12:52:23,143,KBB,62,Tamamlandi
12:53:23,144,Noroloji,70,Tamamlandi
12:54:23,145,KBB,48,Iptal
12:55:23,146,Goz,34,Iptal
12:56:23,147,Kardiyoloji,62,Hata
12:57:23,148,Dahiliye,26,Iptal
12:58:23,149,Noroloji,60,Iptal
12:59:23,150,Goz,27,Iptal
13:00:23,151,Dahiliye,78,Tamamlandi
13:01:23,152,Kardiyoloji,84,Tamamlandi
13:02:23,153,Noroloji,59,Hata
13:03:23,154,KBB,35,Tamamlandi
13:04:23,155,Dahiliye,46,Tamamlandi
13:05:23,156,Dahiliye,39,Tamamlandi
13:06:23,157,Kardiyoloji,34,Iptal
13:07:23,158,Kardiyoloji,44,Iptal
13:08:23,159,KBB,79,Tamamlandi
